<?xml version="1.0" encoding="UTF-8"?>
<beans xmlns = "http://www.springframework.org/schema/beans"
   xmlns:xsi = "http://www.w3.org/2001/XMLSchema-instance"
   xmlns:context = "http://www.springframework.org/schema/context"
   xsi:schemaLocation = "http://www.springframework.org/schema/beans
   http://www.springframework.org/schema/beans/spring-beans.xsd
   http://www.springframework.org/schema/context
   http://www.springframework.org/schema/context/spring-context-4.0.xsd">

   <context:annotation-config/>
   <bean id="countryBean" class="com.niit.SpringCore.Country">
   		<property name="countryName" value="India"></property>
   </bean>

   <bean id="capitalBean" class="com.niit.SpringCore.Capital">
   		<property name="capitalName" value="Delhi"></property>
   </bean>
</beans>