<?xml version="1.0" encoding="UTF-8"?>
<beans xmlns = "http://www.springframework.org/schema/beans"
   xmlns:xsi = "http://www.w3.org/2001/XMLSchema-instance"
   xsi:schemaLocation = "http://www.springframework.org/schema/beans
   http://www.springframework.org/schema/beans/spring-beans-3.0.xsd">


	<bean id = "adrs" class = "com.niit.SpringCore.Address">
      <property name = "city" value = "Delhi"/>
      <property name = "state" value = "Delhi"/>
      <property name = "zipCode" value = "110085"/>
   </bean>
   
   <bean id = "emp1" class = "com.niit.SpringCore.Employee">
      <property name = "eid" value = "200"/>
      <property name = "ename" value = "Jennie"/>
      <constructor-arg ref="adrs"></constructor-arg>
   </bean>
   
   <bean id = "emp2" class = "com.niit.SpringCore.Employee">
      <property name = "eid" value = "201"/>
      <property name = "ename" value = "Jack"/>
      <property name = "eaddress" value = "Eastern Shores"/>
   </bean>

</beans>